{
 "2024-2025": {
  "ea": {
   "ret": 18.822732878351545,
   "dd": -2.462581528162544,
   "rdd": 7.6434963322396605
  },
  "hybrid": {
   "ret": 22.774191354464655,
   "dd": -1.4925124999999984,
   "rdd": 15.25896188773272
  },
  "winner": "HYBRID"
 },
 "2025-2026": {
  "ea": {
   "ret": 11.506094456736271,
   "dd": -4.625843357577175,
   "rdd": 2.4873506444806828
  },
  "hybrid": {
   "ret": 15.507554934664824,
   "dd": -6.667518330216837,
   "rdd": 2.325836115723209
  },
  "winner": "HYBRID"
 },
 "2023-2025": {
  "ea": {
   "ret": 22.80517027549893,
   "dd": -2.491715385654447,
   "rdd": 9.152397744459554
  },
  "hybrid": {
   "ret": 27.278326002979814,
   "dd": -2.807626823589293,
   "rdd": 9.715794767948177
  },
  "winner": "HYBRID"
 },
 "2024-2026": {
  "ea": {
   "ret": 18.44960257309993,
   "dd": -4.625843357577186,
   "rdd": 3.988375988322057
  },
  "hybrid": {
   "ret": 23.681754497906972,
   "dd": -6.66751833021687,
   "rdd": 3.5518094326913814
  },
  "winner": "HYBRID"
 },
 "2021-2025": {
  "ea": {
   "ret": 21.52003998168166,
   "dd": -5.620687861205276,
   "rdd": 3.8287199917675196
  },
  "hybrid": {
   "ret": 23.42588660909286,
   "dd": -6.348056425596138,
   "rdd": 3.69024549224812
  },
  "winner": "HYBRID"
 },
 "2022-2026": {
  "ea": {
   "ret": 22.752957629521255,
   "dd": -5.620687861205321,
   "rdd": 4.0480735083271515
  },
  "hybrid": {
   "ret": 25.689858637330865,
   "dd": -6.6675183302168595,
   "rdd": 3.852986578365403
  },
  "winner": "HYBRID"
 },
 "_all": {
  "2010-2011": {
   "span": 2,
   "ea": 7.6,
   "hy": 9.3,
   "ea_dd": -4.2,
   "hy_dd": -4.4
  },
  "2011-2012": {
   "span": 2,
   "ea": 2.7,
   "hy": 4.9,
   "ea_dd": -4.5,
   "hy_dd": -5.2
  },
  "2012-2013": {
   "span": 2,
   "ea": -5.6,
   "hy": -5.6,
   "ea_dd": -9.3,
   "hy_dd": -9.3
  },
  "2013-2014": {
   "span": 2,
   "ea": -6.2,
   "hy": -6.0,
   "ea_dd": -8.5,
   "hy_dd": -7.9
  },
  "2014-2015": {
   "span": 2,
   "ea": -4.3,
   "hy": -0.9,
   "ea_dd": -7.0,
   "hy_dd": -3.9
  },
  "2015-2016": {
   "span": 2,
   "ea": -4.6,
   "hy": -0.0,
   "ea_dd": -6.9,
   "hy_dd": -3.8
  },
  "2016-2017": {
   "span": 2,
   "ea": 0.8,
   "hy": 4.5,
   "ea_dd": -4.7,
   "hy_dd": -3.8
  },
  "2017-2018": {
   "span": 2,
   "ea": 2.3,
   "hy": 1.3,
   "ea_dd": -3.3,
   "hy_dd": -3.3
  },
  "2018-2019": {
   "span": 2,
   "ea": 3.8,
   "hy": 2.9,
   "ea_dd": -3.3,
   "hy_dd": -3.3
  },
  "2019-2020": {
   "span": 2,
   "ea": 12.8,
   "hy": 13.6,
   "ea_dd": -2.1,
   "hy_dd": -1.5
  },
  "2020-2021": {
   "span": 2,
   "ea": 7.8,
   "hy": 7.8,
   "ea_dd": -3.1,
   "hy_dd": -3.5
  },
  "2021-2022": {
   "span": 2,
   "ea": -1.0,
   "hy": -3.0,
   "ea_dd": -5.6,
   "hy_dd": -6.3
  },
  "2022-2023": {
   "span": 2,
   "ea": 3.6,
   "hy": 1.6,
   "ea_dd": -5.6,
   "hy_dd": -6.3
  },
  "2023-2024": {
   "span": 2,
   "ea": 9.8,
   "hy": 11.0,
   "ea_dd": -2.5,
   "hy_dd": -2.8
  },
  "2024-2025": {
   "span": 2,
   "ea": 18.8,
   "hy": 22.8,
   "ea_dd": -2.5,
   "hy_dd": -1.5
  },
  "2025-2026": {
   "span": 2,
   "ea": 11.5,
   "hy": 15.5,
   "ea_dd": -4.6,
   "hy_dd": -6.7
  },
  "2010-2012": {
   "span": 3,
   "ea": 7.8,
   "hy": 10.8,
   "ea_dd": -4.5,
   "hy_dd": -5.2
  },
  "2011-2013": {
   "span": 3,
   "ea": -3.2,
   "hy": -2.3,
   "ea_dd": -10.3,
   "hy_dd": -10.6
  },
  "2012-2014": {
   "span": 3,
   "ea": -6.1,
   "hy": -4.7,
   "ea_dd": -10.5,
   "hy_dd": -9.3
  },
  "2013-2015": {
   "span": 3,
   "ea": -9.7,
   "hy": -7.7,
   "ea_dd": -10.7,
   "hy_dd": -7.9
  },
  "2014-2016": {
   "span": 3,
   "ea": -5.1,
   "hy": 0.9,
   "ea_dd": -7.9,
   "hy_dd": -3.9
  },
  "2015-2017": {
   "span": 3,
   "ea": -2.9,
   "hy": 2.5,
   "ea_dd": -6.9,
   "hy_dd": -3.8
  },
  "2016-2018": {
   "span": 3,
   "ea": 1.4,
   "hy": 3.2,
   "ea_dd": -4.7,
   "hy_dd": -3.8
  },
  "2017-2019": {
   "span": 3,
   "ea": 5.6,
   "hy": 5.6,
   "ea_dd": -3.3,
   "hy_dd": -3.3
  },
  "2018-2020": {
   "span": 3,
   "ea": 13.4,
   "hy": 12.2,
   "ea_dd": -3.3,
   "hy_dd": -3.3
  },
  "2019-2021": {
   "span": 3,
   "ea": 11.3,
   "hy": 12.4,
   "ea_dd": -3.1,
   "hy_dd": -3.5
  },
  "2020-2022": {
   "span": 3,
   "ea": 8.1,
   "hy": 5.7,
   "ea_dd": -5.6,
   "hy_dd": -6.3
  },
  "2021-2023": {
   "span": 3,
   "ea": 2.3,
   "hy": 0.5,
   "ea_dd": -5.6,
   "hy_dd": -6.3
  },
  "2022-2024": {
   "span": 3,
   "ea": 10.1,
   "hy": 8.8,
   "ea_dd": -5.6,
   "hy_dd": -6.3
  },
  "2023-2025": {
   "span": 3,
   "ea": 22.8,
   "hy": 27.3,
   "ea_dd": -2.5,
   "hy_dd": -2.8
  },
  "2024-2026": {
   "span": 3,
   "ea": 18.4,
   "hy": 23.7,
   "ea_dd": -4.6,
   "hy_dd": -6.7
  },
  "2010-2014": {
   "span": 5,
   "ea": 1.1,
   "hy": 4.1,
   "ea_dd": -11.5,
   "hy_dd": -10.6
  },
  "2011-2015": {
   "span": 5,
   "ea": -7.3,
   "hy": -3.2,
   "ea_dd": -13.6,
   "hy_dd": -10.6
  },
  "2012-2016": {
   "span": 5,
   "ea": -10.4,
   "hy": -4.8,
   "ea_dd": -13.5,
   "hy_dd": -9.3
  },
  "2013-2017": {
   "span": 5,
   "ea": -8.9,
   "hy": -3.6,
   "ea_dd": -11.5,
   "hy_dd": -7.9
  },
  "2014-2018": {
   "span": 5,
   "ea": -2.9,
   "hy": 2.2,
   "ea_dd": -7.9,
   "hy_dd": -3.9
  },
  "2015-2019": {
   "span": 5,
   "ea": 0.7,
   "hy": 5.5,
   "ea_dd": -6.9,
   "hy_dd": -3.8
  },
  "2016-2020": {
   "span": 5,
   "ea": 14.3,
   "hy": 17.2,
   "ea_dd": -4.7,
   "hy_dd": -3.8
  },
  "2017-2021": {
   "span": 5,
   "ea": 13.8,
   "hy": 13.8,
   "ea_dd": -3.3,
   "hy_dd": -3.5
  },
  "2018-2022": {
   "span": 5,
   "ea": 12.2,
   "hy": 8.8,
   "ea_dd": -5.6,
   "hy_dd": -6.3
  },
  "2019-2023": {
   "span": 5,
   "ea": 15.4,
   "hy": 14.2,
   "ea_dd": -5.6,
   "hy_dd": -6.3
  },
  "2020-2024": {
   "span": 5,
   "ea": 18.7,
   "hy": 17.4,
   "ea_dd": -5.6,
   "hy_dd": -6.3
  },
  "2021-2025": {
   "span": 5,
   "ea": 21.5,
   "hy": 23.4,
   "ea_dd": -5.6,
   "hy_dd": -6.3
  },
  "2022-2026": {
   "span": 5,
   "ea": 22.8,
   "hy": 25.7,
   "ea_dd": -5.6,
   "hy_dd": -6.7
  }
 }
}