{
 "span2": {
  "grid": {
   "2010-2011": {
    "ea": {
     "ret": 7.630817621249797,
     "dd": -4.161634274500803,
     "rdd": 1.8336108167902694
    },
    "rd": {
     "ret": 8.726536525807948,
     "dd": -4.28894124480469,
     "rdd": 2.034659844403007
    },
    "winner": "RIDER"
   },
   "2011-2012": {
    "ea": {
     "ret": 2.7045123887530886,
     "dd": -4.4616003796505215,
     "rdd": 0.6061753986503233
    },
    "rd": {
     "ret": 8.690016997907989,
     "dd": -3.9306956424563055,
     "rdd": 2.210808922483138
    },
    "winner": "RIDER"
   },
   "2012-2013": {
    "ea": {
     "ret": -5.587137411626076,
     "dd": -9.303862648545602,
     "rdd": -0.6005180453195391
    },
    "rd": {
     "ret": 9.657874987093162,
     "dd": -3.9306956424563055,
     "rdd": 2.4570396351160686
    },
    "winner": "RIDER"
   },
   "2013-2014": {
    "ea": {
     "ret": -6.210965648800826,
     "dd": -8.450639986346953,
     "rdd": -0.7349698553997571
    },
    "rd": {
     "ret": 8.7671656120601,
     "dd": -3.826310501086405,
     "rdd": 2.2912844134240644
    },
    "winner": "RIDER"
   },
   "2014-2015": {
    "ea": {
     "ret": -4.252117044668724,
     "dd": -6.998028896404529,
     "rdd": -0.6076163885023954
    },
    "rd": {
     "ret": 2.6671010271206885,
     "dd": -4.3071789485809475,
     "rdd": 0.6192222470810964
    },
    "winner": "RIDER"
   },
   "2015-2016": {
    "ea": {
     "ret": -4.576171881214086,
     "dd": -6.886363375015215,
     "rdd": -0.6645266350331064
    },
    "rd": {
     "ret": 3.8184018150268173,
     "dd": -4.486186706064776,
     "rdd": 0.8511464335322478
    },
    "winner": "RIDER"
   },
   "2016-2017": {
    "ea": {
     "ret": 0.847896377453039,
     "dd": -4.721367104383811,
     "rdd": 0.17958704729097708
    },
    "rd": {
     "ret": 2.754040193732732,
     "dd": -4.486186706064821,
     "rdd": 0.6138933517879626
    },
    "winner": "RIDER"
   },
   "2017-2018": {
    "ea": {
     "ret": 2.2550603083627774,
     "dd": -3.2888981301697373,
     "rdd": 0.6856583022978567
    },
    "rd": {
     "ret": 1.9487526377571118,
     "dd": -2.475124687812491,
     "rdd": 0.7873351380448693
    },
    "winner": "RIDER"
   },
   "2018-2019": {
    "ea": {
     "ret": 3.775374574302859,
     "dd": -3.288898130169726,
     "rdd": 1.1479147194224675
    },
    "rd": {
     "ret": 3.601448131319307,
     "dd": -2.475124687812491,
     "rdd": 1.455057253904351
    },
    "winner": "RIDER"
   },
   "2019-2020": {
    "ea": {
     "ret": 12.79862202608253,
     "dd": -2.0543900019428962,
     "rdd": 6.229889170984332
    },
    "rd": {
     "ret": 2.648189749743146,
     "dd": -4.235441449932143,
     "rdd": 0.6252452739691571
    },
    "winner": "EA"
   },
   "2020-2021": {
    "ea": {
     "ret": 7.810571367241326,
     "dd": -3.143628483061922,
     "rdd": 2.484572019029984
    },
    "rd": {
     "ret": -0.9726567993908808,
     "dd": -4.235441449932164,
     "rdd": -0.22964708894900648
    },
    "winner": "EA"
   },
   "2021-2022": {
    "ea": {
     "ret": -1.046478980432286,
     "dd": -5.620687861205276,
     "rdd": -0.18618343631127804
    },
    "rd": {
     "ret": 2.503321423192184,
     "dd": -3.447935319051576,
     "rdd": 0.726034914100643
    },
    "winner": "RIDER"
   },
   "2022-2023": {
    "ea": {
     "ret": 3.6330683792421103,
     "dd": -5.620687861205321,
     "rdd": 0.6463743351268437
    },
    "rd": {
     "ret": 5.984149404194583,
     "dd": -2.47512468781248,
     "rdd": 2.4177163411849714
    },
    "winner": "RIDER"
   },
   "2023-2024": {
    "ea": {
     "ret": 9.787303385411583,
     "dd": -2.491715385654447,
     "rdd": 3.9279379345490355
    },
    "rd": {
     "ret": 3.2946664901321254,
     "dd": -3.6704233156678923,
     "rdd": 0.8976257523398519
    },
    "winner": "EA"
   },
   "2024-2025": {
    "ea": {
     "ret": 18.822732878351545,
     "dd": -2.462581528162544,
     "rdd": 7.6434963322396605
    },
    "rd": {
     "ret": 5.1190000161177585,
     "dd": -3.714231456457695,
     "rdd": 1.3782124447892667
    },
    "winner": "EA"
   },
   "2025-2026": {
    "ea": {
     "ret": 11.506094456736271,
     "dd": -4.625843357577175,
     "rdd": 2.4873506444806828
    },
    "rd": {
     "ret": 9.969566113467799,
     "dd": -5.183688900569916,
     "rdd": 1.9232570288644644
    },
    "winner": "EA"
   }
  },
  "rider_wins": 11,
  "ea_wins": 5
 },
 "span3": {
  "grid": {
   "2010-2012": {
    "ea": {
     "ret": 7.763570697704125,
     "dd": -4.46160037965041,
     "rdd": 1.7400865243588763
    },
    "rd": {
     "ret": 9.342893689444232,
     "dd": -4.28894124480469,
     "rdd": 2.178368309605904
    },
    "winner": "RIDER"
   },
   "2011-2013": {
    "ea": {
     "ret": -3.153181815058359,
     "dd": -10.336111230537902,
     "rdd": -0.30506461712044325
    },
    "rd": {
     "ret": 18.515314439285135,
     "dd": -3.9306956424563055,
     "rdd": 4.710442151586901
    },
    "winner": "RIDER"
   },
   "2012-2014": {
    "ea": {
     "ret": -6.095285185500677,
     "dd": -10.470585552635725,
     "rdd": -0.5821341275384863
    },
    "rd": {
     "ret": 9.383753096914793,
     "dd": -3.9306956424563055,
     "rdd": 2.3873008623610583
    },
    "winner": "RIDER"
   },
   "2013-2015": {
    "ea": {
     "ret": -9.713043794330044,
     "dd": -10.660578051039305,
     "rdd": -0.9111179288615702
    },
    "rd": {
     "ret": 11.947942385851773,
     "dd": -4.307178948580981,
     "rdd": 2.773960062603871
    },
    "winner": "RIDER"
   },
   "2014-2016": {
    "ea": {
     "ret": -5.08976086161137,
     "dd": -7.882166058402584,
     "rdd": -0.6457312398519641
    },
    "rd": {
     "ret": 3.5588773937831775,
     "dd": -4.486186706064766,
     "rdd": 0.7932967633674316
    },
    "winner": "RIDER"
   },
   "2015-2017": {
    "ea": {
     "ret": -2.917759345193449,
     "dd": -6.886363375015215,
     "rdd": -0.4237010431049179
    },
    "rd": {
     "ret": 5.758969692651794,
     "dd": -4.486186706064776,
     "rdd": 1.2837115505840118
    },
    "winner": "RIDER"
   },
   "2016-2018": {
    "ea": {
     "ret": 1.360488894618217,
     "dd": -4.721367104383811,
     "rdd": 0.2881557109496944
    },
    "rd": {
     "ret": 2.834289360850617,
     "dd": -4.486186706064821,
     "rdd": 0.6317814095920208
    },
    "winner": "RIDER"
   },
   "2017-2019": {
    "ea": {
     "ret": 5.578932296908823,
     "dd": -3.2888981301697373,
     "rdd": 1.6962922158433953
    },
    "rd": {
     "ret": 5.537960722577151,
     "dd": -2.475124687812491,
     "rdd": 2.237447167751208
    },
    "winner": "RIDER"
   },
   "2018-2020": {
    "ea": {
     "ret": 13.371958026872587,
     "dd": -3.288898130169726,
     "rdd": 4.065786624465172
    },
    "rd": {
     "ret": 2.7283562494549773,
     "dd": -4.2354414499321535,
     "rdd": 0.6441728168615534
    },
    "winner": "EA"
   },
   "2019-2021": {
    "ea": {
     "ret": 11.315029113939424,
     "dd": -3.1436284830619554,
     "rdd": 3.599353159861424
    },
    "rd": {
     "ret": 2.513700136203867,
     "dd": -4.235441449932143,
     "rdd": 0.5934918864819014
    },
    "winner": "EA"
   },
   "2020-2022": {
    "ea": {
     "ret": 8.104205623552918,
     "dd": -5.620687861205287,
     "rdd": 1.4418529944509446
    },
    "rd": {
     "ret": 1.6394839053489818,
     "dd": -4.235441449932164,
     "rdd": 0.3870869010301724
    },
    "winner": "EA"
   },
   "2021-2023": {
    "ea": {
     "ret": 2.270026145663051,
     "dd": -5.620687861205276,
     "rdd": 0.4038698112611926
    },
    "rd": {
     "ret": 5.845289017767774,
     "dd": -3.447935319051576,
     "rdd": 1.6953012388224378
    },
    "winner": "RIDER"
   },
   "2022-2024": {
    "ea": {
     "ret": 10.086321494426166,
     "dd": -5.620687861205321,
     "rdd": 1.794499488940348
    },
    "rd": {
     "ret": 6.019370538536251,
     "dd": -3.67042331566787,
     "rdd": 1.6399662983943764
    },
    "winner": "EA"
   },
   "2023-2025": {
    "ea": {
     "ret": 22.80517027549893,