{
 "managed_0.0bp": {
  "n_trades": 1425,
  "trades_per_day": 0.8436944937833037,
  "win_rate": 0.4414035087719298,
  "expectancy_R": 0.08388907097007185,
  "median_R": -0.9999999999999618,
  "avg_win_R": 1.4275908541367457,
  "avg_loss_R": -0.9779054285422875,
  "profit_factor": 1.1535713932840208,
  "sharpe": 0.9995228999394552,
  "sortino": 1.4466073573395577,
  "cagr": 0.09133380364464161,
  "max_dd": -0.3407864741951834,
  "calmar": 0.2680088869734036,
  "final_equity": 2.9763067320307774,
  "avg_bars_held": 14.863157894736842,
  "kelly": 0.057126353621704984,
  "max_consec_wins": 10,
  "max_consec_losses": 19
 },
 "managed_1.5bp": {
  "n_trades": 1413,
  "trades_per_day": 0.8365896980461812,
  "win_rate": 0.44232130219391363,
  "expectancy_R": 0.01886133396434223,
  "median_R": -1.0296275383983797,
  "avg_win_R": 1.3619666021224777,
  "avg_loss_R": -1.0464188596890014,
  "profit_factor": 1.0323208512790618,
  "sharpe": 0.22528159867998182,
  "sortino": 0.3202794117240568,
  "cagr": 0.013127890737309356,
  "max_dd": -0.4284813689038689,
  "calmar": 0.030638183337802577,
  "final_equity": 1.176752538953341,
  "avg_bars_held": 14.828025477707007,
  "kelly": 0.012815728203781372,
  "max_consec_wins": 10,
  "max_consec_losses": 16
 },
 "managed_2.5bp": {
  "n_trades": 1413,
  "trades_per_day": 0.8365896980461812,
  "win_rate": 0.4416135881104034,
  "expectancy_R": -0.026815920483970683,
  "median_R": -1.0498030441661146,
  "avg_win_R": 1.3190488196929973,
  "avg_loss_R": -1.091226057201877,
  "profit_factor": 0.9559908338564927,
  "sharpe": -0.31295970864205924,
  "sortino": -0.43137293625389755,
  "cagr": -0.03796035215676841,
  "max_dd": -0.57155342133353,
  "calmar": -0.06641610519660705,
  "final_equity": 0.6169685107860552,
  "avg_bars_held": 14.828025477707007,
  "kelly": -0.01819351814797284,
  "max_consec_wins": 10,
  "max_consec_losses": 16
 },
 "managed_2.5bp_bootstrap": {
  "exp_R": -0.026815920483970683,
  "ci_lo": -0.0899393322160289,
  "ci_hi": 0.0352977733043698,
  "p_leq_0": 0.7978
 },
 "managed_4.0bp": {
  "n_trades": 1411,
  "trades_per_day": 0.8354055654233274,
  "win_rate": 0.4372785258681786,
  "expectancy_R": -0.09741617323827331,
  "median_R": -1.0798537711575886,
  "avg_win_R": 1.261438331290026,
  "avg_loss_R": -1.1533522302835637,
  "profit_factor": 0.84990175411868,
  "sharpe": -1.124682947439459,
  "sortino": -1.3965672018756805,
  "cagr": -0.11179622430488945,
  "max_dd": -0.7860296152618668,
  "calmar": -0.14222902309812385,
  "final_equity": 0.22776266927890762,
  "avg_bars_held": 14.84549964564139,
  "kelly": -0.06592628881108877,
  "max_consec_wins": 10,
  "max_consec_losses": 16
 },
 "placebo": {
  "n": 50,
  "mean": -0.11080316400942893,
  "sd": 0.017098049830488713,
  "p_geq_obs": 0.0
 }
}