{
 "dev_2010_13": {
  "H8": {
   "n": 615,
   "mean_bp": -0.47005370067638735,
   "ci_lo": -3.309555689926309,
   "ci_hi": 2.4298371407600228,
   "mean_R": -0.17693085550938079
  },
  "H16": {
   "n": 615,
   "mean_bp": -2.779694341259068,
   "ci_lo": -6.569983570453863,
   "ci_hi": 0.9588302925827712,
   "mean_R": -0.31615877244652185
  },
  "H32": {
   "n": 615,
   "mean_bp": -2.794646104033208,
   "ci_lo": -9.01085917577032,
   "ci_hi": 3.5222938172658704,
   "mean_R": -0.15654885064130464
  },
  "H16_bigmove": {
   "n": 123,
   "mean_bp": -7.142219873770052,
   "ci_lo": -20.92052319349367,
   "ci_hi": 5.463913397924715,
   "mean_R": -0.3222314184391737
  },
  "H16_follow": {
   "n": 615,
   "mean_bp": -2.2203056587409327
  }
 },
 "oos_2014_26": {
  "H8": {
   "n": 1895,
   "mean_bp": -2.5481432264408648,
   "ci_lo": -3.702815389767533,
   "ci_hi": -1.4399619614068695,
   "mean_R": -0.3155167968344115
  },
  "H16": {
   "n": 1895,
   "mean_bp": -2.811764723330622,
   "ci_lo": -4.259340385274177,
   "ci_hi": -1.4057348664705753,
   "mean_R": -0.34244222819657116
  },
  "H32": {
   "n": 1895,
   "mean_bp": -4.526230775972221,
   "ci_lo": -7.282501949418086,
   "ci_hi": -1.7056826271747842,
   "mean_R": -0.5644153928475828
  },
  "H16_bigmove": {
   "n": 379,
   "mean_bp": -4.813510838722154,
   "ci_lo": -9.131388853854844,
   "ci_hi": -0.4564956674759665,
   "mean_R": -0.4641710756089784
  },
  "H16_follow": {
   "n": 1895,
   "mean_bp": -2.188235276669378
  }
 }
}