{
 "gross_0bp": {
  "flat1": {
   "final": 17.98985109882431,
   "cagr": 0.2612636788753988,
   "max_dd": -0.2635102606055294,
   "mar": 0.991474405114366,
   "p_ruin50": 0.0005
  },
  "prob": {
   "final": 16.020781980872687,
   "cagr": 0.24957459614391264,
   "max_dd": -0.23455506915485413,
   "mar": 1.0640341180566963,
   "p_ruin50": 0.0015
  },
  "kelly025": {
   "final": 2.3519832423043456,
   "cagr": 0.07111033781394438,
   "max_dd": -0.07605691286734229,
   "mar": 0.9349621899323514,
   "p_ruin50": 0.0
  },
  "ddthrottle": {
   "final": 13.14394526771923,
   "cagr": 0.229866299599766,
   "max_dd": -0.21403841710906701,
   "mar": 1.0739487924853865,
   "p_ruin50": 0.0
  },
  "expectancy_R": 0.11368987169548989,
  "n_trades": 2721
 },
 "net_2.5bp": {
  "flat1": {
   "final": 0.04945922128461978,
   "cagr": -0.2145477607549261,
   "max_dd": -0.9551743794571074,
   "mar": -0.22461632699661463,
   "p_ruin50": 1.0
  },
  "prob": {
   "final": 0.06709089437697911,
   "cagr": -0.195074513247389,
   "max_dd": -0.9376725555031107,
   "mar": -0.20804118890172835,
   "p_ruin50": 1.0
  },
  "kelly025": {
   "final": 0.44624536587525615,
   "cagr": -0.06275489317401672,
   "max_dd": -0.5835092575841881,
   "mar": -0.107547382253764,
   "p_ruin50": 0.836
  },
  "ddthrottle": {
   "final": 0.43591484162292893,
   "cagr": -0.06451647213209277,
   "max_dd": -0.5931509660352267,
   "mar": -0.1087690585136149,
   "p_ruin50": 0.917
  },
  "expectancy_R": -0.10499030573240481,
  "n_trades": 2671
 }
}